school_1,25.0250425,121.540946
school_2,24.9848367,121.57996
school_3,25.0500085,121.5774764
school_4,25.0522116,121.5636714
school_5,25.049216,121.548605
school_6,25.0565153,121.5521795
school_7,25.0625251,121.562292
school_8,25.0594726,121.5518154
school_9,25.0631782,121.5642857
school_10,25.0566674,121.5627846
school_11,25.046751,121.5700216
school_12,25.0446527,121.5790792
school_13,25.0402704,121.5578527
school_14,25.029467,121.558267
school_15,25.0318599,121.563206
school_16,25.0257433,121.568716
school_17,25.0388994,121.5865035
school_18,25.0430088,121.5798853
school_19,25.0394125,121.5681958
school_20,25.0239215,121.5348854
school_21,25.0200093,121.549095
school_22,25.037684,121.5349702
school_23,25.029377,121.546245
school_24,25.0357732,121.55235
school_25,25.0322754,121.527675
school_26,25.0205827,121.5287775
school_27,25.0261583,121.5427093
school_28,25.0124078,121.5428079
school_29,25.0298199,121.53362
school_30,25.063613,121.526363
school_31,25.05049,121.5400725
school_32,25.0497694,121.5301634
school_33,25.0549363,121.5339007
school_34,25.0804934,121.5460971
school_35,25.073294,121.5363674
school_36,25.0641393,121.5422023
school_37,25.054721,121.5296301
school_38,25.0452404,121.5417844
school_39,25.0787761,121.5494063
school_40,25.0780014,121.5616369
school_41,25.0250745,121.514332
school_42,25.0232298,121.522699
school_43,25.02963,121.5063464
school_44,25.0307489,121.5105903
school_45,25.0352657,121.5090687
school_46,25.03862,121.520868
school_47,25.04293,121.531552
school_48,25.0360732,121.5152463
school_49,25.0563873,121.5157097
school_50,25.054494,121.5165179
school_51,25.061412,121.511472
school_52,25.061261,121.511118
school_53,25.060161,121.5166898
school_54,25.0652808,121.5161749
school_55,25.073409,121.5166925
school_56,25.0660466,121.5124544
school_57,25.064112,121.512544
school_58,25.0259828,121.5033372
school_59,25.0303916,121.4982608
school_60,25.023163,121.4978675
school_61,25.031305,121.4939132
school_62,25.0266629,121.4988835
school_63,25.0229842,121.4993232
school_64,25.0340691,121.4911815
school_65,25.043172,121.5035971
school_66,25.038046,121.502725
school_67,25.035889,121.496113
school_68,25.0467829,121.5089051
school_69,24.9895266,121.5407811
school_70,25.0038887,121.5404927
school_71,25.0016222,121.5507703
school_72,24.99413,121.5387574
school_73,25.0024355,121.5518875
school_74,24.9986645,121.5389076
school_75,24.9964339,121.5482935
school_76,24.9902695,121.5701489
school_77,24.9875796,121.5500432
school_78,24.9837272,121.5576388
school_79,25.000695,121.575404
school_80,24.9763942,121.5836353
school_81,24.9873333,121.5625578
school_82,25.0013132,121.5677338
school_83,24.9809691,121.5611618
school_84,24.9904294,121.5765927
school_85,25.0048928,121.5367124
school_86,24.9988344,121.5587218
school_87,25.0064295,121.5592422
school_88,25.057689,121.6101081
school_89,25.0402449,121.619539
school_90,25.0535818,121.5947692
school_91,25.0468798,121.5869084
school_92,25.0423894,121.6172346
school_93,25.0554594,121.6022189
school_94,25.0455318,121.5896359
school_95,25.0791258,121.5802392
school_96,25.0853115,121.5911103
school_97,25.0603451,121.5905901
school_98,25.0691597,121.6160678
school_99,25.0838299,121.5656995
school_100,25.080037,121.5950035
school_101,25.0713228,121.610761
school_102,25.0836791,121.5724649
school_103,25.068804,121.5887456
school_104,25.085771,121.5601224
school_105,25.0881206,121.6004795
school_106,25.0686959,121.6120147
school_107,25.072992,121.601146
school_108,25.0932987,121.5248831
school_109,25.1129301,121.526828
school_110,25.0986884,121.5295965
school_111,25.1193324,121.5528168
school_112,25.090006,121.502691
school_113,25.1026617,121.5352647
school_114,25.105839,121.482582
school_115,25.0799466,121.5229841
school_116,25.119658,121.5796
school_117,25.129431,121.576643
school_118,25.0862066,121.5178502
school_119,25.106052,121.563943
school_120,25.0837421,121.5069631
school_121,25.105282,121.52946
school_122,25.1197914,121.5275331
school_123,25.099401,121.521359
school_124,25.110293,121.536413
school_125,25.1084096,121.5231371
school_126,25.117932,121.53712
school_127,25.1342551,121.5003095
school_128,25.138367,121.505155
school_129,25.1156878,121.5117046
school_130,25.126608,121.466232
school_131,25.168503,121.538837
school_132,25.1269568,121.5076634
school_133,25.149185,121.524203
school_134,25.154895,121.503983
school_135,25.150059,121.535797
school_136,25.139798,121.484371
school_137,25.1059048,121.5147443
school_138,25.141925,121.509816
school_139,25.119488,121.505031
school_140,25.1121226,121.5217881
school_141,25.137188,121.496154
school_142,25.0393604,121.5483831
school_143,25.029802,121.551908
school_144,25.022496,121.532115
school_145,25.0214164,121.4995713
school_146,24.998895,121.546825
school_147,24.988306,121.556326
school_148,24.990528,121.558974
school_149,25.104979,121.538443
school_179,25.0637248,121.5138747
school_150,25.136058,121.50088
school_151,25.112967,121.522222
school_152,25.0564119,121.5564366
school_153,25.0598048,121.5667367
school_154,25.0606072,121.5455306
school_155,25.0515711,121.5467135
school_156,25.0364201,121.572237
school_157,25.0482363,121.5741453
school_158,25.037071,121.5853536
school_159,25.0407532,121.568796
school_160,25.037534,121.5506569
school_161,25.0308602,121.54625
school_162,25.0187502,121.5502711
school_163,25.0312012,121.533178
school_164,25.0403291,121.5411787
school_165,25.0111861,121.5388738
school_166,25.0246733,121.5382078
school_167,25.0493929,121.5318545
school_168,25.077734,121.5416463
school_169,25.0619756,121.5257455
school_170,25.0634822,121.5430996
school_171,25.07955,121.5607499
school_172,25.0193552,121.5262353
school_173,25.0246115,121.5110468
school_174,25.0352657,121.5090687
school_175,25.0374875,121.5152934
school_176,25.0323588,121.5219754
school_177,25.0516475,121.5186261
school_178,25.0512227,121.5082177
school_180,25.069322,121.5167356
school_181,25.0759808,121.5179984
school_182,25.0291069,121.4988346
school_183,25.0275539,121.4926457
school_185,24.9874125,121.5676434
school_186,24.9834293,121.5547688
school_187,24.9849798,121.5782554
school_188,24.9930265,121.542941
school_189,25.0048845,121.5498485
school_190,24.9961868,121.5442252
school_191,25.0542493,121.6187775
school_192,25.045059,121.5877514
school_193,25.077035,121.5886895
school_194,25.0816165,121.5756876
school_195,25.069154,121.5864073
school_196,25.0850272,121.5656955
school_197,25.0721576,121.6199323
school_198,25.0706196,121.6106431
school_199,25.0943655,121.5225702
school_200,25.110619,121.5308927
school_201,25.1036423,121.5555425
school_202,25.1308499,121.546354
school_203,25.1028546,121.4880705
school_204,25.118011,121.5381651
school_205,25.1344493,121.504201
school_206,25.138102,121.507636
school_207,25.1078221,121.5184451
school_208,25.1346473,121.4772995
school_209,25.114982,121.5141732
school_210,25.1198847,121.4671448
school_211,25.031746,121.5503443
school_212,24.99892,121.5466851
school_213,25.1128893,121.5228029
school_214,25.0336585,121.540488
school_215,24.9872162,121.5858297
school_216,25.0555538,121.567082
school_217,25.0487226,121.5611946
school_218,25.0435854,121.5656556
school_219,25.0312574,121.5802182
school_220,25.0196224,121.5491543
school_221,25.0485124,121.5372124
school_222,25.0549038,121.5350861
school_223,25.0794092,121.5431925
school_224,25.0311997,121.5121518
school_225,25.0423335,121.5236872
school_226,25.0385611,121.5131031
school_227,25.0754337,121.5199008
school_228,25.0613534,121.5189709
school_229,25.0285569,121.4962369
school_230,25.030857,121.4912285
school_231,24.9805501,121.5562368
school_232,25.0006248,121.5589135
school_233,25.0524144,121.5950849
school_234,25.0585978,121.6093328
school_235,25.0783889,121.5865659
school_236,25.0840979,121.577832
school_237,25.0664602,121.6105269
school_238,25.0918395,121.5171309
school_239,25.0870504,121.5229913
school_240,25.1435907,121.5017997
school_241,25.1044123,121.516608
school_242,25.042601,121.58347
school_243,25.0362907,121.5384815
school_244,25.0347679,121.5241816
school_245,25.0393604,121.5483831
school_246,25.0499124,121.5419125
school_247,25.0668881,121.5222432
school_248,25.0250164,121.5199408
school_249,25.057931,121.5154866
school_250,25.0388105,121.4963991
school_251,24.9726891,121.5616981
school_252,24.9894876,121.5388849
school_253,24.9910526,121.578524
school_254,24.990528,121.558974
school_255,24.9853665,121.5673971
school_256,25.077577,121.5897144
school_257,25.0773094,121.5905296
school_258,25.0812531,121.5876434
school_259,25.0973651,121.5339431
school_260,25.101757,121.55231
school_261,25.104863,121.5385442
school_262,25.1394723,121.5040108
school_263,25.1333929,121.4968898
school_264,25.0349631,121.5801123
school_265,25.0399981,121.5722409
school_266,25.0319528,121.5430065
school_267,24.9959139,121.5719112
school_268,25.0562302,121.6074617
school_269,25.0794174,121.5753203
school_270,25.0945958,121.5166109
school_271,25.0497049,121.554371
school_272,25.042601,121.58347
school_273,25.0322561,121.5514468
school_274,25.0266285,121.554843
school_275,25.0285433,121.5423719
school_276,25.0653484,121.5285873
school_277,25.0424202,121.5218211
school_278,25.0643302,121.5119253
school_279,25.1371454,121.5490945
school_280,25.1448466,121.5269802
school_281,25.0746837,121.5133846
school_282,25.1166288,121.5362497
school_283,25.1166437,121.5350165
school_284,24.99154,121.567807
school_285,25.023742,121.566763
school_286,25.0867061,121.5652249
school_287,25.0860676,121.5275514
school_288,25.0259514,121.5612671
school_289,25.133617,121.468879
school_290,25.0356043,121.5142953
school_291,25.0832721,121.5451468
school_292,25.0832721,121.5451468
school_293,25.0751696,121.609939
school_294,25.0812796,121.5866803
school_295,25.0259513,121.5274888
school_296,25.0132497,121.5411187
school_297,25.0169587,121.5338507
school_298,25.1177379,121.5200316
school_299,25.1324572,121.4693489
school_300,25.0246244,121.5446374
school_301,25.0418977,121.5256616
school_302,25.0438766,121.5348827
school_303,25.1196326,121.5133357
school_304,24.9873313,121.5761281
school_305,25.1218803,121.4645108
school_306,25.133617,121.468879
school_307,25.094415,121.545748
school_308,24.9884933,121.5425268
school_309,24.9991431,121.5553747
school_310,25.1377176,121.5410056
school_311,25.0671544,121.521804
school_312,25.2526932,121.5023966
school_313,24.9455821,121.3717858
school_314,25.0868597,121.4679792
school_315,25.0336491,121.433255
school_316,24.9529572,121.5092798
school_317,24.9770572,121.5368906
school_318,25.00325,121.6028034
school_319,25.1922261,121.4265615
school_320,25.2269693,121.4516535
school_321,25.1755872,121.4346021
school_322,25.1731385,121.4483442
school_323,25.1309877,121.4615993
school_324,25.0410187,121.4222651
school_325,25.0657362,121.419929
school_326,25.245412,121.6169569
school_327,25.081696,121.3996665
school_328,24.995194,121.4531189
school_329,25.0210015,121.465198
school_330,25.0059488,121.4476306
school_331,24.980779,121.692123
school_332,24.9810876,121.5075153
school_333,24.972325,121.4557677
school_334,25.0084189,121.5036667
school_335,25.0084189,121.5036667
school_336,24.986244,121.508633
school_337,25.011725,121.518384
school_338,24.9900095,121.4223227
school_339,25.081134,121.470961
school_340,25.0448849,121.5182653
school_341,24.93100352,121.3723965
school_342,25.00818308,121.4549425
school_343,24.98259298,121.5425076
school_344,25.00497476,121.523865
school_345,25.00245078,121.4475382
school_346,25.04432627,121.4481651
school_347,25.01469451,121.4516225
school_348,25.03423638,121.4441688
school_349,24.99024505,121.4646531
school_350,25.06967961,121.6290363
school_351,25.05375589,121.4445308
school_352,25.06649263,121.4778671
school_353,25.06879724,121.6717144
school_354,25.01674121,121.4581221
school_355,25.07991847,121.3893724
school_356,25.1032034,121.4499336
school_357,24.94883152,121.5309524
school_358,25.02849464,121.4149265
school_359,25.02347245,121.4272852
school_360,24.9912369,121.5085329
school_361,24.99261556,121.5204736
school_362,25.04782889,121.6196596
school_363,25.06745216,121.3683629
school_364,24.98449541,121.45084
school_365,25.08779876,121.4573718
school_366,25.09136811,121.460285
school_367,25.0734747,121.3807011
school_368,25.0776626,121.6299815
school_370,25.0446544,121.460634
school_374,25.25667608,121.500862
school_375,25.22188926,121.6359082
school_376,24.97170363,121.5394111
school_377,25.06450477,121.4940889
school_378,25.03751925,121.4526026
school_379,25.0367097,121.4506678
school_380,24.992817,121.5062719
school_381,25.0442011,121.424688
school_382,25.013131,121.474792
school_383,25.007022,121.521715
school_384,24.9411752,121.3765914
school_385,24.9770572,121.5368906
school_386,25.0669309,121.3728223
school_387,25.01146885,121.4557829
school_388,25.17714682,121.4228557
school_389,25.0156653,121.5120363
school_390,24.979867,121.505842
school_391,25.01449175,121.5173101
school_392,24.98844607,121.4152452
school_393,25.134076,121.450477
school_394,24.99411621,121.4240731
school_395,25.06350693,121.4215044
school_396,25.1222891,121.4644703
school_397,25.0075325,121.4476065
school_398,24.975088,121.5488935
school_399,24.9113933,121.4967131
school_400,25.01296,121.479077
school_401,25.107724,121.8222319
school_402,25.14951506,121.4030312
school_403,25.160333,121.41938
school_404,25.14684857,121.4453958
school_405,25.125434,121.390358
school_406,25.25787834,121.5016346
school_407,25.24728316,121.5324507
school_408,25.20371151,121.5015309
school_409,25.06718119,121.4725443
school_410,25.05615378,121.4967458
school_411,25.07041229,121.4972926
school_412,25.08671361,121.4934494
school_413,25.06444364,121.4961155
school_414,25.07700727,121.4806379
school_415,25.07092784,121.5013178
school_416,25.05888136,121.4989076
school_417,25.07182218,121.4887304
school_418,25.06630671,121.4845054
school_419,25.06623271,121.4889034
school_420,25.05646714,121.4879235
school_421,25.08440486,121.4907687
school_422,25.0501649,121.4754706
school_423,24.93500029,121.36755
school_424,24.92421479,121.427503
school_425,24.90574314,121.3664644
school_426,24.9278285,121.3671853
school_427,24.85537088,121.3618618
school_428,24.92982865,121.3785205
school_429,24.93919758,121.3729869
school_430,24.91224896,121.3700352
school_431,24.93100352,121.3723965
school_432,24.93320237,121.4056887
school_433,24.83586594,121.4528733
school_434,24.9263189,121.447118
school_435,24.86495884,121.4122855
school_436,24.934019,121.375815
school_437,24.941131,121.3773909
school_438,24.97238262,121.4419348
school_439,24.98880723,121.4647744
school_440,24.98440189,121.4615084
school_441,24.95620113,121.4143318
school_442,24.98695277,121.4548958
school_443,24.98560178,121.4475594
school_444,24.9998603,121.5016109
school_445,25.0146981,121.4825764
school_446,24.9983879,121.471818
school_447,24.99422313,121.5211644
school_448,24.9896462,121.5019298
school_449,24.98930052,121.5149941
school_450,24.9991289,121.4814174
school_451,24.99905659,121.4813978
school_452,24.98673009,121.5091277
school_453,24.99249238,121.494973
school_454,25.08225017,121.4371182
school_455,25.09977054,121.4505166
school_456,25.06976871,121.4677138
school_457,25.07137146,121.4345496
school_458,25.04342626,121.7783033
school_459,25.0273,121.737385
school_460,25.02362854,121.7265936
school_461,25.00805263,121.5057169
school_462,25.00360882,121.5169899
school_463,24.99967854,121.5214099
school_464,25.01516157,121.5105838
school_465,25.0129357,121.51934
school_466,25.29155071,121.5658334
school_467,25.28977548,121.544413
school_468,25.26926002,121.592344
school_469,25.00779547,121.688007
school_470,24.99026322,121.6589555
school_471,25.0114155,121.6418381
school_472,24.9531294,121.637192
school_473,25.065853,121.480338
school_474,25.06571185,121.4804788
school_475,25.14658238,121.3998651
school_476,25.149303,121.403107
school_477,25.139744,121.400901
school_478,25.13990111,121.4012804
school_479,25.0868693,121.4737065
school_480,25.0868693,121.4737065
school_481,25.08663402,121.4723258
school_482,25.055945,121.496747
school_483,25.00707412,121.4146793
school_484,25.07657908,121.4865022
school_485,25.25640882,121.5035765
school_486,25.257563,121.501611
school_487,25.25937139,121.5018557
school_488,25.0610336,121.4892004
school_489,25.054741,121.4914967
school_490,25.05469306,121.4914726
school_491,25.06964853,121.480073
school_492,25.06083342,121.4883632
school_493,25.0699782,121.4981748
school_494,24.9283135,121.3761245
school_495,24.939053,121.369127
school_496,24.93905807,121.3690736
school_497,24.984293,121.453728
school_498,24.972563,121.4424728
school_499,24.96241539,121.4301713
school_500,24.9813667,121.4174935
school_501,24.9775154,121.5382114
school_502,25.0089277,121.4479473
school_503,25.01125141,121.4485237
school_504,25.018073,121.4679273
school_505,25.01855365,121.4674762
school_506,25.053558,121.444008
school_507,25.05375589,121.4445308
school_508,24.983547,121.456626
school_509,24.98345628,121.456842
school_510,24.99810322,121.5002242
school_511,24.9939853,121.4783441
school_512,24.9999388,121.5015935
school_513,24.985993,121.508243
school_514,24.98617553,121.5085409
school_515,24.972962,121.348355
school_516,24.9278051,121.3670898
school_517,25.021049,121.416544
school_518,25.021049,121.416544
school_519,25.0211993,121.4161694
school_520,25.024667,121.413412
school_521,25.0830609,121.4380618
school_522,25.08242,121.437354
school_523,25.082397,121.435975
school_524,25.0832732,121.435723
school_525,24.9665669,121.544077
school_526,24.96637452,121.5439962
school_527,24.9566096,121.5390605
school_528,24.95674846,121.5391514
school_529,24.9976742,121.4242699
school_530,25.0291921,121.4776744
school_531,25.023313,121.4588091
school_532,24.948608,121.3761057
school_533,25.02347991,121.7336209
school_534,25.0645537,121.4961518
school_535,25.17848255,121.446853
school_536,25.0221558,121.4275396
school_537,25.0107013,121.5087054
school_538,25.01075149,121.5086259
school_539,25.0042149,121.5142668
school_540,25.00668938,121.5233192
school_541,25.0769701,121.4800481
school_542,25.2894024,121.5451944
school_543,25.29148524,121.5652704
school_544,25.01080943,121.6548789
school_545,25.0173179,121.482958
school_546,25.0180595,121.425653
school_547,25.070455,121.49933
school_548,25.07045601,121.4999206
school_549,24.9613682,121.5141845
school_550,24.9698941,121.515289
school_551,24.96881079,121.5149316
school_552,24.92656782,121.3727617
school_553,24.94365968,121.3421902
school_554,25.085707,121.457516
school_555,25.0669109,121.658251
school_556,25.02894455,121.4684377
school_557,25.14603475,121.4617178
school_558,24.99883825,121.4726353
school_559,24.99005,121.4307
school_560,24.9942416,121.5208582
school_561,24.992653,121.491146
school_562,25.06563361,121.6600871
school_563,24.9996059,121.5222819
school_564,24.98576678,121.4156694
school_565,25.08032952,121.384227
school_566,24.9407674,121.7130713
school_567,24.93800714,121.7128251
school_568,25.00484118,121.4616452
school_569,25.063543,121.48934
school_570,25.06343213,121.4889874
school_571,24.9069334,121.36391
school_572,25.02027,121.4536
school_573,25.01168438,121.4590998
school_574,25.02400088,121.4541592
school_575,25.0464764,121.4519439
school_576,25.07363847,121.3810016
school_577,25.080672,121.389531
school_578,25.0761945,121.3778279
school_579,25.07685824,121.376896
school_580,25.2219626,121.6344
school_581,25.22466872,121.6369347
school_582,25.069075,121.627748
school_583,25.06071303,121.656845
school_584,24.9918199,121.452605
school_585,25.0719155,121.4889009
school_586,24.9549299,121.346675
school_587,25.0031578,121.4633736
school_588,25.045543,121.456674
school_589,24.95446289,121.3842089
school_590,25.0664874,121.4843709
school_591,24.99818908,121.463157
school_592,25.0180374,121.4741384
school_593,24.94902564,121.3828285
school_594,25.0552762,121.426413
school_595,25.05771869,121.4298665
school_596,25.05771869,121.4298665
school_597,25.0614848,121.4315562
school_598,25.06401513,121.4245458
school_599,25.0101505,121.4708851
school_600,24.992653,121.491146
school_601,25.01015367,121.4708864
school_602,24.86368518,121.5482871
school_603,24.86303764,121.5542243
school_605,25.01640285,121.9070862
school_606,25.018887,121.45289
school_607,25.06811176,121.3702757
school_608,25.0695778,121.6691867
school_609,25.178124,121.444081
school_610,25.18675959,121.4540261
school_611,25.18675959,121.4540261
school_612,25.173484,121.441183
school_613,25.174698,121.436534
school_614,25.17471886,121.4367244
school_615,25.0015585,121.6160337
school_616,25.0016316,121.616884
school_617,25.00174144,121.618263
school_618,24.98201347,121.4653115
school_619,24.98201347,121.4653115
school_620,24.9848509,121.461297
school_621,24.989664,121.501898
school_622,25.10687135,121.8464772
school_623,25.07844569,121.3659379
school_624,24.98330752,121.4503803
school_625,24.98330752,121.4503803
school_626,25.0871726,121.4892866
school_627,24.9846034,121.5181705
school_628,24.9769599,121.537596
school_629,24.9755496,121.5320465
school_630,25.0267936,121.4630775
school_631,25.0248193,121.4597107
school_632,25.0248193,121.4597107
school_633,25.042521,121.444175
school_634,25.04259461,121.4443779
school_635,25.0464764,121.4519439
school_636,25.04818434,121.4446584
school_637,25.0358199,121.451992
school_638,25.03593867,121.4524877
school_639,24.998417,121.4312709
school_640,25.1075356,121.809135
school_641,25.1107248,121.8047068
school_642,25.1107248,121.8047068
school_643,25.1078144,121.8047245
school_644,25.107899,121.814977
school_645,25.10744487,121.8145208
school_646,25.05167855,121.4313291
school_647,25.17995,121.689492
school_648,25.17960152,121.6939179
school_649,25.021999,121.418143
school_650,24.95388027,121.5000299
school_651,25.002922,121.506038
school_652,25.0026727,121.5055308
school_653,25.085348,121.48959
school_654,25.0824108,121.4949227
school_655,25.08147984,121.4939389
school_656,25.0039983,121.520856
school_657,25.0252883,121.4226136
school_658,25.02532369,121.4225105
school_659,25.013026,121.519413
school_660,24.9691569,121.3348497
school_661,24.967661,121.332102
school_662,25.0661293,121.6397209
school_663,25.06582639,121.6397043
school_664,25.0041325,121.5206806
school_665,25.1713899,121.449296
school_666,25.00508,121.42813
school_667,24.9544189,121.384115
school_668,24.992653,121.491146
school_669,24.98293688,121.422463
school_670,24.989637,121.417896
school_671,25.054928,121.924672
school_672,25.00035,121.479745
school_673,24.99959545,121.4785378
school_674,24.992653,121.491146
school_675,24.99254029,121.4910893
school_676,25.05518381,121.459484
school_677,25.0309911,121.4432459
school_678,25.06395044,121.9018488
school_679,24.9520119,121.486323
school_680,25.03011,121.829191
school_681,25.03493065,121.8631618
school_682,25.0902305,121.4593412
school_683,25.084152,121.4699352
school_684,25.086867,121.4663881
school_685,25.08708797,121.466382
school_686,24.9396319,121.335209
school_687,24.971195,121.346021
school_688,24.93928483,121.3350032
school_689,24.950827,121.344712
school_690,24.95041008,121.3448256
school_691,25.085096,121.4766525
school_692,25.090557,121.462085
school_693,25.06381912,121.6328326
school_694,25.08914177,121.6450747
school_695,25.047819,121.618754
school_696,25.06692169,121.6552499
school_697,25.06257625,121.6615565
school_698,25.05997048,121.6998964
school_699,25.06871968,121.6272188
school_700,25.07938418,121.6706995
school_701,25.07186311,121.6811535
school_702,25.06943312,121.6690001
school_703,25.07232339,121.6553203
school_704,25.06652831,121.6416872
school_705,25.0110396,121.5207654
school_706,25.157811,121.410311
school_707,24.9575029,121.538339
school_708,25.024427,121.467825
school_709,25.063303,121.654455
school_710,25.07002954,121.4966832
school_711,25.06782009,121.4837272
school_712,24.97320727,121.5165616
school_713,25.0592867,121.4978112
school_714,25.06768,121.379165
school_715,25.02127295,121.4248124
school_716,24.984772,121.46904
school_717,24.98846,121.456187
school_718,24.9629389,121.43515
school_719,25.004746,121.4639839
school_720,25.05735122,121.485094
school_721,25.022294,121.466582
school_722,25.00117,121.460255
school_723,25.159439,121.416142
school_724,25.020142,121.468148
school_725,25.024254,121.4799079
school_726,25.064842,121.635524
school_727,24.99934,121.461707
school_728,25.012809,121.472533
school_729,24.9775154,121.5382114
school_730,25.2133746,121.6451965
school_731,25.054088,121.455696
school_732,25.0598319,121.4981
school_733,24.994622,121.518801
school_734,24.982701,121.544401
school_735,25.0734908,121.3638737
school_736,25.0979065,121.4492719
school_737,25.0279821,121.46339
school_738,24.9956316,121.4546862
school_739,25.066088,121.635207
school_740,25.008885,121.473863
school_741,24.936095,121.365514
school_742,25.089796,121.456441
school_743,25.0012529,121.48521
school_744,24.9775329,121.534972
school_745,24.937556,121.373885
school_746,25.1380589,121.464409
school_747,25.0304531,121.473069
school_748,25.0304531,121.473069
school_749,25.0304531,121.473069
school_750,25.0076373,121.5096749
school_751,24.9995589,121.4737829
school_752,24.9937039,121.519409
school_753,25.0025829,121.469636
school_754,25.0800336,121.4614871
school_755,25.0833749,121.457458
school_756,24.97562572,121.4374377
school_757,25.17782711,121.6853529
school_758,25.067687,121.48956
school_759,24.984463,121.444657
school_760,25.0505906,121.4569471
school_761,25.054867,121.432049
school_762,25.081425,121.496421
school_763,25.086489,121.476779
school_764,25.02754,121.472674
school_765,25.0156533,121.5118716
school_766,24.96628521,121.5148781
school_767,25.0156653,121.5120363
school_768,24.9756874,121.3285781
school_769,25.0536661,121.431371
school_770,25.1675,121.6394444
school_771,24.987394,121.451934
school_772,25.002922,121.463331
school_773,25.01258992,121.445164
school_774,25.0650169,121.485204
school_775,24.972739,121.5334
school_776,25.029096,121.472865
school_777,25.069696,121.3793909
school_778,25.028111,121.4788
school_779,25.069696,121.3793909
school_780,24.9791579,121.537801
school_781,25.027737,121.418322
school_782,25.078453,121.386762
school_783,24.937169,121.368186
school_784,24.937169,121.368186
school_785,25.1611966,121.4266738
school_786,24.996377,121.426404
school_787,24.937101,121.362336
school_788,25.046609,121.4483428
school_789,25.050704,121.455965
school_790,25.020879,121.476521
school_791,25.009121,121.523624
school_792,25.08533989,121.4353373
school_793,25.031283,121.471971
school_794,25.077754,121.382035
school_795,25.088301,121.47359
school_796,24.986549,121.464969
school_797,24.955351,121.538552
school_798,24.993815,121.5004086
school_799,25.088585,121.467294
school_800,24.997957,121.516245
school_801,25.0562845,121.4330951
school_802,24.972065,121.548135
school_803,25.023734,121.459668
school_804,25.001606,121.4629357
school_805,24.9499709,121.3813379
school_806,25.08505,121.474263
school_807,24.939361,121.3668127
school_808,24.989139,121.448273
school_809,25.011127,121.5131195
school_810,24.995435,121.4504135
school_811,25.027615,121.472792
school_812,25.030573,121.471789
school_813,25.1639135,121.451289
school_814,25.01273419,121.447727
school_815,24.972499,121.440203
school_816,24.9826519,121.5422919
school_817,25.045439,121.444486
school_818,25.014918,121.516859
school_819,25.0009311,121.5147613
school_820,25.030497,121.477308
school_821,24.995676,121.519807
school_822,25.065987,121.459548
school_823,24.998569,121.499466
school_824,25.0062259,121.5183235
school_825,24.9795016,121.5391768
school_826,24.9933684,121.5022699
school_827,24.927747,121.379165
school_828,25.0228708,121.456208
school_829,24.9802872,121.5487386
school_830,25.079988,121.521319
school_831,25.06966,121.47872
school_832,24.9867739,121.470554
school_833,25.0228708,121.456208
school_834,25.004574,121.513045
school_835,25.02264,121.47291
school_836,25.0164823,121.4544279
school_837,25.03667,121.445399
school_838,25.00698,121.47174
school_839,25.0228708,121.456208
school_840,25.000511,121.517457
school_841,25.0735527,121.5748441
school_842,25.0228708,121.456208
school_843,25.0010811,121.5096277
school_844,25.004828,121.480423
school_845,25.01219,121.478021
school_846,25.045202,121.457434
school_847,25.0171737,121.4263551
school_848,25.005569,121.474607
school_849,25.005569,121.474607
school_850,25.0575209,121.5610849
school_851,24.9971,121.515794
school_852,24.9984102,121.468265
school_853,25.013745,121.515069
school_854,25.010693,121.509509
school_855,24.98192,121.46078
school_856,25.011047,121.428684
school_857,24.998471,121.498294
school_858,24.992661,121.5251036
school_859,25.00697396,121.5219666
school_860,25.00896548,121.4282227
school_861,25.0088949,121.428039
school_862,24.9847965,121.4273991
school_863,25.0088949,121.428039
school_864,25.019807,121.420977
school_865,25.0071817,121.4721284
school_866,25.028673,121.444103
school_867,25.00741584,121.5012655
school_868,25.179927,121.442437
school_869,24.962598,121.511895
school_871,24.9802872,121.5487386
school_872,24.9860964,121.4484077
school_873,25.005207,121.468101
school_874,24.976232,121.442874
school_875,24.99821,121.4268332
school_876,25.018696,121.455857
school_877,25.0621,121.63502
school_878,24.987721,121.419508
school_879,24.97994494,121.4644924
school_880,24.989693,121.506112
school_881,25.01813899,121.4768904
school_882,25.01930419,121.4662895
school_883,25.0847684,121.483271
school_884,24.9967046,121.4521969
school_885,24.996316,121.4950239
school_886,25.052757,121.490455
school_887,25.052757,121.490455
school_888,25.078643,121.47371
school_889,24.986556,121.464526
school_890,24.998349,121.528379
school_891,25.0500717,121.4527997
school_892,25.0517778,121.4539649
school_893,25.085734,121.38457
school_894,25.178316,121.446937
school_895,25.007769,121.522046
school_896,25.0066434,121.4541491
school_897,25.0613278,121.6458144
school_898,24.990159,121.433119
school_899,25.0574684,121.4567222
school_900,25.055893,121.485982
school_901,25.06958,121.490878
school_902,24.9708646,121.439527
school_903,24.991465,121.429483
school_904,25.0533055,121.4918607
school_905,25.06925,121.63743
school_906,24.97906242,121.424107
school_907,25.01073,121.425503
school_908,24.983378,121.457449
school_909,24.975785,121.44128
school_910,24.976034,121.526388
school_911,25.0639739,121.660333
school_912,25.088769,121.458034
school_913,25.083008,121.481287
school_914,24.9427162,121.5050323
school_915,25.078713,121.491829
school_916,25.01648371,121.425826
school_917,25.0069441,121.496844
school_918,24.994978,121.483027
school_919,24.9939259,121.4550462
school_920,24.99058,121.467347
school_921,24.993983,121.466152
school_922,25.004074,121.5150319
school_923,25.011616,121.513952
school_924,25.048787,121.618977
school_925,25.084418,121.696899
school_926,24.9606495,121.5120179
school_927,25.089298,121.47807
school_928,25.02420039,121.4234608
school_929,25.084346,121.437508
school_930,24.9955953,121.4976811
school_931,25.0206256,121.429621
school_932,24.960985,121.333866
school_933,25.063303,121.654455
school_934,25.0666821,121.6556312
school_935,25.031985,121.469602
school_936,24.97992139,121.5060047
school_937,25.01449175,121.5173101
school_938,24.977613,121.44327
school_939,25.108343,121.807523
school_940,25.0674775,121.5007951
school_941,25.0270339,121.475451
school_943,24.9975829,121.520145
school_944,24.989553,121.490626
school_946,25.05051845,121.4466713
school_947,25.050813,121.446728
school_948,24.9998098,121.5218759
school_949,25.0705512,121.642601
school_950,25.0338119,121.448912
school_951,25.0569304,121.4344172
school_952,25.042638,121.445802
school_953,24.953743,121.356757
school_954,25.071027,121.663217
school_955,24.98393994,121.5174926
school_956,24.953743,121.356757
school_957,24.954077,121.337899
school_958,25.1796399,121.4432512
school_959,24.9795821,121.4209585
school_960,25.029728,121.467535
school_961,25.090846,121.470612
school_962,25.159347,121.4283377
school_963,25.155221,121.461635
school_964,25.066115,121.656068
school_965,25.090273,121.473251
school_967,25.147062,121.397159
school_968,24.931567,121.373676
school_969,24.967374,121.540627
school_970,25.027347,121.426268
school_971,24.99811937,121.5215646
school_972,25.023653,121.472599
school_973,25.007022,121.521715
school_974,25.00706058,121.5216421
school_975,25.001412,121.463254
school_976,24.995164,121.486668
school_977,24.9317439,121.378931
school_978,25.02372237,121.4191312
school_979,24.9992526,121.4167957
school_980,24.937264,121.34021
school_981,24.9813503,121.4205121
school_982,24.9834016,121.4201892
school_983,25.005356,121.525115
school_984,25.001361,121.5100344
school_985,25.100378,121.764386
school_986,24.983428,121.41219
school_987,25.020431,121.458765
school_988,25.053583,121.449137
school_989,25.053583,121.449137
school_990,25.062471,121.430901
school_991,25.132019,121.462556
school_992,25.01550221,121.4579795
school_994,24.9904481,121.4908511
school_996,25.0849419,121.488009
school_997,25.080612,121.495102
school_998,25.080612,121.495102
school_999,25.017875,121.4582143
school_1000,24.987116,121.467139
school_1002,25.087867,121.479723
school_1003,25.0885406,121.4593445
school_1004,25.0885406,121.4593445
school_1005,24.9299897,121.3737326
school_1006,24.971784,121.542286
school_1007,24.9719849,121.542362
school_1008,24.9719849,121.542362
school_1009,25.001145,121.479251
school_1011,25.0611537,121.6543277
school_1012,25.00582666,121.5176594
school_1013,24.97174599,121.5458606
school_1014,25.062103,121.485233
school_1015,25.0867074,121.4764658
school_1016,25.0598319,121.4981
school_1017,25.171723,121.447847
school_1018,25.053899,121.453565
school_1019,24.978657,121.460471
school_1020,25.0457049,121.4450692
school_1021,25.0457049,121.4450692
school_1022,25.071714,121.371441
school_1023,25.0905448,121.4646334
school_1024,25.0533055,121.4918607
school_1025,24.932827,121.55145
school_1026,25.02064,121.461766
school_1027,24.996512,121.484951
school_1028,24.9939259,121.4550462
school_1029,24.980334,121.460113
school_1030,25.0183411,121.4529808
school_1031,24.9968171,121.5232184
school_1032,25.0041993,121.4664239
school_1033,25.1034691,121.5275638
school_1034,25.0563173,121.4547095
school_1035,24.976574,121.537723
school_1036,24.931011,121.36853
school_1037,25.07484542,121.5009448
school_1038,25.06478163,121.478958
school_1040,25.185456,121.442613
school_1041,25.02422289,121.4801172
school_1042,24.9834016,121.4201892
school_1043,25.06892,121.375325
school_1044,25.077042,121.388544
school_1045,24.95054197,121.494796
school_1046,25.01073,121.425503
school_1047,24.990029,121.488369
school_1048,25.04184727,121.4540259
school_1049,25.018696,121.455857
school_1050,24.976574,121.537723
school_1051,24.987334,121.430073
school_1052,24.990408,121.469055
school_1053,24.990046,121.504391
school_1054,25.086179,121.488259
school_1055,24.9835739,121.4532299
school_1056,24.9835739,121.4532299
school_1057,25.2561075,121.5113211
school_1059,24.993949,121.515133
school_1061,25.019807,121.420977
school_1062,25.0683295,121.6316155
school_1064,25.100449,121.765427
school_1065,24.99021,121.469093
school_1066,24.937184,121.370746
school_1067,25.04250759,121.4664003
school_1068,24.9586475,121.3378599
school_1069,25.0907329,121.46451
school_1070,25.0530723,121.4723737
school_1071,24.9976629,121.51042
school_1072,25.17159,121.44734
school_1073,25.024073,121.461219
school_1074,25.147447,121.397975
school_1075,25.0624871,121.6558548
school_1076,25.0459975,121.4521746
school_1077,25.1410185,121.4478818
school_1078,25.05171444,121.4296615
school_1079,24.9784202,121.5400622
school_1080,24.838942,121.52862
school_1081,25.015749,121.408227
school_1082,25.0748722,121.3849915
school_1083,25.0861309,121.4601757
school_1084,25.050989,121.453944
school_1085,25.0503751,121.4896318
school_1086,25.00162873,121.5034479
school_1087,24.98086648,121.5448455
school_1088,24.980827,121.544851
school_1089,25.06830274,121.3719316
school_1090,24.9772873,121.4186358
school_1091,25.074852,121.478841
school_1092,25.07338,121.662933
school_1093,25.084901,121.490549
school_1094,25.064547,121.663466
school_1095,25.05585,121.576315
school_1096,24.9455291,121.3769019
school_1097,25.0671386,121.4829954
school_1098,25.0158656,121.4064742
school_1099,25.036641,121.456347
school_1100,25.04727073,121.4590963
school_1101,24.93705,121.400624
school_1102,25.0366541,121.4537324
school_1103,24.9918952,121.4320175
school_1104,25.016561,121.405261
school_1105,25.1070992,121.8172525
school_1106,24.9980619,121.5103569
school_1107,25.001369,121.620383
school_1108,25.0732901,121.60098
school_1109,24.980656,121.413703
school_1110,25.08938,121.460298
school_1111,24.965595,121.543496
school_1112,25.00828429,121.4693214
school_1113,24.984776,121.428557
school_1114,25.0506314,121.531192
school_1115,25.0099167,121.4612106
school_1116,25.158652,121.458004
school_1117,25.0085225,121.4660279
school_1118,25.0788507,121.4668122
school_1120,25.082351,121.4609512
school_1122,25.018654,121.469728
school_1123,25.02754,121.472674
school_1125,25.055893,121.485982
school_1126,25.0059301,121.4711013
school_1127,25.0059301,121.4711013
school_1128,24.9847343,121.5115424
school_1129,24.978438,121.443382
school_1130,25.053063,121.493036
school_1131,25.0624831,121.4982089
school_1132,25.0543205,121.4551851
school_1133,25.0286602,121.4730396
school_1134,25.080752,121.49552
school_1135,24.975494,121.538813
school_1136,25.0791784,121.4762253
school_1137,25.08026718,121.4799747
school_1138,25.0636665,121.6504315
school_1139,25.0280192,121.4747652
school_1140,25.02264,121.47291
school_1141,25.0280192,121.4747652
school_1142,25.0521,121.556072
school_1143,25.0711212,121.4333798
school_1144,25.0711212,121.4333798
school_1145,25.002134,121.471649
school_1146,25.10943313,121.8549377
school_1147,25.07157618,121.636413
school_1148,24.987891,121.509494
school_1149,25.07383921,121.488727
school_1150,25.07383921,121.488727
school_1151,25.053848,121.447696
school_1152,25.0428088,121.4262221
school_1153,25.03266341,121.4204849
school_1154,25.0015599,121.523848
school_1155,25.000818,121.463946
school_1156,25.06548,121.502472
school_1157,25.056505,121.4874103
school_1158,24.9914169,121.510803
school_1159,25.01296,121.479077
school_1160,24.9569182,121.5404308
school_1161,24.957891,121.540058
school_1162,25.065247,121.483574
school_1163,24.975674,121.438029
school_1164,25.015718,121.412225
school_1165,24.9635329,121.427092
school_1166,25.0331859,121.4722185
school_1167,24.997498,121.4655489
school_1168,25.0206963,121.4174803
school_1169,25.0562483,121.4317301
school_1170,25.0659936,121.6322465
school_1171,25.18312,121.4223
school_1172,24.989553,121.490626
school_1173,25.07883,121.489527
school_1174,24.936121,121.3753379
school_1175,25.1762649,121.440583
school_1176,25.084834,121.480829
school_1177,25.084834,121.480829
school_1178,25.01217,121.48196
school_1179,24.978189,121.444093
school_1180,24.9706285,121.5353897
school_1181,25.003032,121.45677
school_1182,25.010263,121.521619
school_1183,25.073029,121.663983
school_1184,24.97176951,121.53907
school_1185,25.07713,121.668071
school_1186,25.07693681,121.6691861
school_1187,24.997059,121.511856
school_1188,24.979284,121.461544
school_1189,24.95132269,121.3474522
school_1190,25.069023,121.638527
school_1191,25.063694,121.654601
school_1192,25.030447,121.478091
school_1193,25.08388,121.476797
school_1194,24.91094832,121.4977999
school_1195,25.097375,121.448865
school_1196,25.070175,121.486452
school_1197,25.0699936,121.4893845
school_1198,24.9999,121.50838
school_1199,25.00876046,121.4528482
school_1200,25.058452,121.490367
school_1201,25.051959,121.448654
school_1203,24.995706,121.460908
school_1204,25.055893,121.485982
school_1205,25.057487,121.487692
school_1206,25.0208458,121.4682718
school_1207,25.066803,121.6185927
school_1208,25.181063,121.443169
school_1209,25.178988,121.449917
school_1210,25.179721,121.442144
school_1211,25.17505998,121.4358305
school_1213,25.05203581,121.4768683
school_1214,25.07223222,121.4951767
school_1215,25.088171,121.478693
school_1216,25.088171,121.478693
school_1217,25.00006,121.520946
school_1218,24.98575386,121.5322374
school_1219,24.98575386,121.5322374
school_1220,25.027635,121.469348
school_1221,24.974871,121.538523
school_1222,24.932827,121.55145
school_1223,24.994842,121.480585
school_1224,25.009636,121.517253
school_1225,24.95775,121.414658
school_1226,24.99934,121.461707
school_1227,25.054706,121.464061
school_1228,25.03653,121.455226
school_1229,25.0237719,121.4157411
school_1230,25.0835947,121.4590815
school_1231,25.084187,121.438662
school_1232,25.028503,121.478379
school_1233,25.052453,121.456671
school_1234,24.961941,121.511493
school_1235,25.133385,121.460798
school_1236,25.133385,121.460798
school_1237,25.007576,121.470948
school_1238,24.999222,121.48303
school_1239,25.184137,121.423483
school_1240,24.983287,121.416266
school_1241,25.088716,121.456596
school_1242,25.0503751,121.4896318
school_1243,25.0206751,121.4791982
school_1244,25.070076,121.48484
school_1245,24.9908407,121.4198608
school_1246,25.024776,121.45756
school_1247,25.0026914,121.4615037
school_1248,25.0026914,121.4615037
school_1249,25.0010811,121.5096277
school_1250,25.03996,121.42453
school_1251,25.0240786,121.4716946
school_1252,25.0543179,121.4547255
school_1253,24.9719195,121.3943316
school_1254,25.073172,121.664255
school_1255,25.081805,121.497085
school_1256,25.00349216,121.5185949
school_1257,25.003454,121.518399
school_1258,25.023379,121.4273829
school_1259,25.023379,121.4273829
school_1260,25.0857218,121.4896731
school_1261,25.011174,121.516585
school_1262,25.0248349,121.477434
school_1263,25.025023,121.418587
school_1264,25.048697,121.465518
school_1265,25.257708,121.500646
school_1266,25.002281,121.483644
school_1267,25.1774203,121.4431177
school_1268,25.089957,121.473146
school_1269,24.960827,121.508654
school_1270,24.9946547,121.5081128
school_1271,24.9946547,121.5081128
school_1272,25.047908,121.428293
school_1273,25.063332,121.481585
school_1274,24.945954,121.3777534
school_1275,24.99568709,121.514273
school_1276,24.99568709,121.514273
school_1277,25.256723,121.5028305
school_1278,25.071668,121.374294
school_1279,25.1725662,121.4502918
school_1280,25.022983,121.46422
school_1281,24.938923,121.372308
school_1282,24.987129,121.456117
school_1283,25.018349,121.473771
school_1284,25.027081,121.472829
school_1285,24.962432,121.540975
school_1286,24.962432,121.540975
school_1287,24.995047,121.450191
school_1288,25.072079,121.63571
school_1289,24.953852,121.344031
school_1290,25.069696,121.3793909
school_1291,25.0393917,121.5345569
school_1292,24.677693,121.760541
school_1293,25.068124,121.499971
school_1294,25.0612406,121.4836686
school_1295,25.070866,121.435673
school_1296,24.9985135,121.4996711
school_1297,25.05248061,121.4302961
school_1298,24.977668,121.443907
school_1299,25.0725476,121.6659591
school_1300,25.064887,121.639864
school_1301,25.066968,121.37272
school_1302,24.967302,121.54499
school_1303,24.987095,121.541938
school_1304,24.987095,121.541938
school_1306,25.134604,121.460021
school_1307,25.006214,121.517289
school_1308,24.9882126,121.4642506
school_1309,25.065247,121.483574
school_1310,25.025237,121.414978
school_1311,24.9959793,121.513232
school_1312,24.98000118,121.5462283
school_1313,24.98000118,121.5462283
school_1314,24.9913801,121.5346797
school_1315,24.983243,121.412009
school_1316,24.962803,121.5116318
school_1317,25.024943,121.461572
school_1318,25.003248,121.528002
school_1319,25.000351,121.517833
school_1320,25.027864,121.478989
school_1321,25.051994,121.466898
school_1322,24.9948562,121.4806916
school_1323,25.00467432,121.5090737
school_1324,25.0007639,121.5071707
school_1325,25.027923,121.432619
school_1326,25.0896161,121.4646506
school_1327,25.081696,121.459881
school_1328,24.966841,121.4364863
school_1329,25.06804915,121.3672733
school_1330,25.0682629,121.3675519
school_1331,24.9508267,121.3380527
school_1332,25.180427,121.443453
school_1333,25.026884,121.478753
school_1334,25.0286064,121.4802271
school_1335,25.065133,121.631372
school_1336,25.018349,121.473771
school_1337,25.01073,121.425503
school_1338,25.040253,121.446669
school_1339,25.0705,121.630876
school_1340,25.0682629,121.3675519
school_1341,25.065133,121.631372
school_1342,25.0928899,121.469671
school_1343,25.032675,121.420395
school_1344,24.9820369,121.4547115
school_1345,25.0147599,121.5186968
school_1346,25.064685,121.479154
school_1347,24.99389245,121.421855
school_1348,25.079693,121.462508
school_1349,25.062876,121.653039
school_1350,24.975932,121.535647
school_1351,25.0824427,121.4366539
school_1352,24.998241,121.507357
school_1353,25.0763153,121.4810735
school_1354,25.00194291,121.4331953
school_1355,25.041459,121.457871
school_1356,25.0849419,121.488009
school_1357,25.0284335,121.5084756
school_1358,25.00146229,121.5184475
school_1359,25.083075,121.488617
school_1360,25.0827132,121.374007
school_1361,25.001825,121.618992
school_1362,25.002134,121.471649
school_1363,25.01274806,121.5062945
school_1364,24.979284,121.461544
school_1365,24.9849081,121.4633846
school_1366,25.07344,121.662131
school_1367,25.0032988,121.6199934
school_1368,25.005214,121.508105
school_1369,25.05087955,121.4484532
school_1370,25.0509369,121.448349
school_1371,25.084036,121.495478
school_1372,25.06740589,121.6620703
school_1373,25.0620029,121.6576564
school_1374,24.996253,121.510855
school_1375,25.0237719,121.4157411
school_1376,24.943927,121.382237
school_1377,25.133467,121.460965
school_1378,25.075427,121.435182
school_1379,25.077247,121.381518
school_1380,25.0279677,121.4586171
school_1381,24.9274839,121.366212
school_1382,25.001297,121.466493
school_1383,25.000375,121.482686
school_1384,25.13481201,121.449562
school_1385,25.13421691,121.4503676
school_1386,24.925628,121.3681703
school_1387,25.095842,121.4485519
school_1388,24.995611,121.451442
school_1389,25.1840504,121.4464725
school_1390,25.0732091,121.3712979
school_1391,25.087596,121.458
school_1392,25.017875,121.4582143
school_1394,24.986415,121.445752
school_1395,24.9892779,121.445981
school_1396,24.98297706,121.4395846
school_1397,24.989499,121.4457789
school_1398,25.002072,121.458716
school_1399,24.94671,121.493844
school_1400,25.065458,121.501964
school_1401,25.05401733,121.4506682
school_1402,25.053239,121.466497
school_1403,25.0030106,121.5103024
school_1404,25.005482,121.463844
school_1405,25.004592,121.504198
school_1407,25.0030106,121.5103024
school_1408,25.0660448,121.6625018
school_1409,24.962155,121.512537
school_1410,25.00299207,121.5103153
school_1411,25.0019233,121.5105302
school_1412,25.00453,121.494576
school_1413,25.017897,121.427091
school_1414,25.047875,121.44495
school_1415,25.080845,121.480373
school_1416,25.077896,121.637868
school_1417,25.0587665,121.5088014
school_1418,24.947439,121.497172
school_1419,25.0509369,121.448349
school_1420,24.990159,121.433119
school_1421,25.012238,121.469446
school_1422,25.017171,121.463032
school_1423,25.1874485,121.4505975
school_1424,24.958046,121.51238
school_1425,24.948014,121.374027
school_1426,24.96933181,121.5169991
school_1427,25.08137595,121.4894082
school_1428,25.07055598,121.373891
school_1429,25.009659,121.461588
school_1430,25.04432,121.45147
school_1431,25.08275495,121.3738336
school_1432,24.9903658,121.4997341
school_1433,24.9278051,121.3670898
school_1434,24.9558709,121.3393858
school_1435,25.006107,121.462416
school_1436,25.0854493,121.4776656
school_1437,25.025334,121.427147
school_1438,24.9868,121.46639
school_1439,24.9868,121.46639
school_1440,25.0975958,121.4495055
school_1441,24.9868,121.46639
school_1442,25.017524,121.475112
school_1443,24.97672825,121.5410962
school_1444,25.01554257,121.4077469
school_1445,24.988051,121.459077
school_1446,25.0014719,121.484307
school_1447,25.002641,121.495443
school_1448,25.073086,121.434161
school_1449,25.01973,121.474535
school_1450,25.0666821,121.6556312
school_1451,24.980638,121.54074
school_1452,24.9646511,121.5427473
school_1453,24.9820388,121.4218498
school_1454,25.06970963,121.4711462
school_1455,24.957891,121.540058
school_1456,25.0272111,121.4584574
school_1457,25.027424,121.443394
school_1458,25.0509369,121.448349
school_1459,25.022137,121.4174392
school_1460,25.058566,121.490193
school_1461,24.998471,121.498294
school_1462,24.95979,121.33301
school_1463,24.99436464,121.4192482
school_1464,24.9946369,121.419326
school_1465,24.987749,121.419382
school_1466,24.983381,121.419924
school_1467,24.985724,121.450392
school_1468,25.10954615,121.8065973
school_1469,24.97842,121.421445
school_1470,24.9703668,121.5379152
school_1471,25.008563,121.512778
school_1472,25.177891,121.442548
school_1473,25.008301,121.444627
school_1474,24.9869863,121.5095508
school_1475,25.079693,121.462508
school_1476,25.1380589,121.464409
school_1477,25.040913,121.458503
school_1478,25.0168516,121.4567873
school_1479,24.99726262,121.4582698
school_1480,24.99726262,121.4582698
school_1481,25.0796518,121.3956935
school_1482,25.07957006,121.3957789
school_1483,25.028216,121.461177
school_1484,24.984531,121.462369
school_1485,25.013274,121.476554
school_1486,25.0053906,121.4636316
school_1487,25.090686,121.432198
school_1488,25.05257575,121.4676563
school_1489,25.0525194,121.4678113
school_1490,25.08798,121.457213
school_1491,25.0765829,121.645539
school_1492,24.976226,121.543106
school_1493,24.993683,121.458725
school_1494,25.072366,121.434253
school_1495,25.0061104,121.5032912
school_1496,25.027945,121.479122
school_1497,25.00482,121.601342
school_1498,24.9842189,121.42991
school_1499,24.9842189,121.42991
school_1500,25.023783,121.477564
school_1501,25.002369,121.507275
school_1502,25.0832147,121.491757
school_1503,24.93203211,121.4094332
school_1504,25.027621,121.471514
school_1505,25.0221859,121.45455
school_1506,25.053471,121.551615
school_1507,25.0274321,121.4729892
school_1508,25.0274321,121.4729892
school_1509,24.9491,121.484863
school_1510,25.047908,121.428293
school_1511,25.08444048,121.4748859
school_1512,25.08999951,121.4723841
school_1513,25.087864,121.479725
school_1514,25.023205,121.474202
school_1515,25.181219,121.440476
school_1516,25.0773014,121.492437
school_1517,25.086921,121.462498
school_1518,24.95330877,121.3438275
school_1519,25.0794939,121.3864522
school_1520,24.99800587,121.4270356
school_1521,24.93770596,121.7116666
school_1522,25.00861052,121.4493497
school_1523,25.00230416,121.4476869
school_1524,25.02993268,121.4774112
school_1525,25.02251028,121.4585008
school_1526,25.03237251,121.4741599
school_1527,24.98974723,121.4305347
school_1528,25.01080632,121.4581987
school_1529,24.99173659,121.4528127
school_1530,25.00334618,121.4626986
school_1531,24.99445318,121.4624228
school_1532,25.01775952,121.4745479
school_1533,25.00955188,121.4709037
school_1534,25.01942053,121.4533497
school_1535,25.02518281,121.4742289
school_1536,25.02588323,121.4625936
school_1537,24.98732326,121.4308828
school_1538,25.00501762,121.4663924
school_1539,25.08084159,121.3898927
school_1540,25.07614424,121.3994024
school_1541,25.07630517,121.3575309
school_1542,25.1286564,121.3496375
school_1543,25.11023418,121.3419204
school_1544,25.10934537,121.3039919
school_1545,25.08273724,121.3728589
school_1546,25.06871475,121.3679033
school_1547,25.06858932,121.3761948
school_1548,25.2190132,121.6026077
school_1549,25.2398244,121.6305024
school_1550,25.222637,121.636694
school_1551,25.22103909,121.6354741
school_1552,25.0016594,121.5036507
school_1553,25.05428952,121.428099
school_1554,25.04524546,121.4274529
school_1555,25.06234249,121.4312852
school_1556,25.05221948,121.4309561
school_1557,24.77731631,121.5019789
school_1558,25.17505998,121.4358305
school_1559,25.11180813,121.9191699
school_1560,25.02201703,121.9150862
school_1561,25.01618275,121.9888059
school_1562,25.01711923,121.9486957
school_1563,25.05488938,121.9246201
school_1564,25.22405611,121.4846509
school_1565,25.18156091,121.4242873
school_1566,25.23734236,121.4563644
school_1567,25.1740069,121.437371
school_1568,25.18581701,121.4765269
school_1569,25.14753351,121.4602482
school_1570,25.19350415,121.4540594
school_1571,25.15809309,121.4838946
school_1572,25.20044778,121.4799806
school_1573,25.17337578,121.4413626
school_1574,25.18602322,121.4445096
school_1575,25.17968407,121.4400273
school_1576,25.17131248,121.449293
school_1577,25.2173674,121.4512034
school_1578,25.00180273,121.6168755
school_1579,24.97757929,121.5381923
school_1580,24.97173767,121.5366389
school_1581,24.97370843,121.5438954
school_1582,24.96130141,121.5141573
school_1583,24.92250957,121.5462739
school_1584,24.93781357,121.5313214
school_1585,24.95314122,121.552255
school_1586,24.98461553,121.5181781
school_1587,24.9529095,121.5402272
school_1588,24.90219168,121.5532133
school_1589,24.95207039,121.4865395
school_1590,24.95145016,121.5754701
school_1591,25.05627516,121.447991
school_1592,25.04506978,121.4471661
school_1593,25.02418429,121.4138153
school_1594,25.02163262,121.4277984
school_1595,25.01879158,121.4248814
school_1596,25.05640366,121.4555806
school_1597,25.0514035,121.4554042
school_1598,25.04556227,121.4565559
school_1599,25.03417081,121.4417115
school_1600,25.03784066,121.4437867
school_1601,25.03696771,121.4564233
school_1602,25.02185603,121.4180014
school_1603,25.05143232,121.4473984
school_1604,25.06591601,121.4616374
school_1605,25.0528262,121.4661311
school_1606,25.03093141,121.4433316
school_1607,25.10691851,121.8436196
school_1608,25.11115382,121.8567752
school_1609,25.10137012,121.7637632
school_1610,25.09532685,121.8335527
school_1611,25.10808969,121.8049971
school_1612,25.10338385,121.766469
school_1613,25.12052633,121.8203763
school_1614,25.1130924,121.8021166
school_1615,25.12077234,121.9194107
school_1616,25.12180156,121.8603108
school_1617,25.16583592,121.63941
school_1618,25.20882077,121.650866
school_1619,25.16148038,121.6527686
school_1620,25.20406514,121.690385
school_1621,25.17617363,121.688189
school_1622,25.01636393,121.4064365
school_1623,24.98131078,121.4175207
school_1624,24.97551865,121.4017512
school_1625,24.99750626,121.4261005
school_1626,24.9858058,121.4157873
school_1627,24.97089394,121.3925019
school_1628,25.00164568,121.4153626
school_1629,24.9556687,121.3894758
school_1630,24.98193088,121.4234404
school_1631,24.98942673,121.4178295
school_1632,25.02903341,121.8319672
school_1633,25.06184877,121.8522892
school_1634,25.01512985,121.8045582
school_1635,25.03366054,121.8664935
school_1636,25.09145448,121.4709931
school_1637,25.08567256,121.4574583
school_1638,25.08929842,121.4638538
school_1639,25.08405022,121.4700156
school_1640,25.08533584,121.476927
school_1641,24.94087229,121.3376314
school_1642,24.97298104,121.3480984
school_1643,24.95876635,121.3329129
school_1644,24.95564377,121.339162
school_1645,24.95582121,121.3469125
school_1646,24.96913953,121.3350529
school_1647,24.95118116,121.3457639
school_1648,25.0354913,121.4348098
